{"MIN_SDK_VERSION":24,"SDK_VERSION":34,"COMPILE_SDK_VERSION":null,"GRADLE_VERSION":"8.7","MIN_BUILD_TOOLS_VERSION":"34.0.0","AGP_VERSION":"8.3.0","KOTLIN_VERSION":"1.9.24","ANDROIDX_APP_COMPAT_VERSION":"1.6.1","ANDROIDX_WEBKIT_VERSION":"1.6.0","ANDROIDX_CORE_SPLASHSCREEN_VERSION":"1.0.0","GRADLE_PLUGIN_GOOGLE_SERVICES_VERSION":"4.3.15","IS_GRADLE_PLUGIN_GOOGLE_SERVICES_ENABLED":false,"IS_GRADLE_PLUGIN_KOTLIN_ENABLED":false,"PACKAGE_NAMESPACE":"com.example.mygame","JAVA_SOURCE_COMPATIBILITY":8,"JAVA_TARGET_COMPATIBILITY":8,"KOTLIN_JVM_TARGET":null}
